Subject;Articles
Distribution;805503
"Molecular Biology";434545
"Combined Topics";354322
"Type Information";326720
Habitat;292478
"Conservation Status";144969
Threats;94140
Morphology;66571
Conservation;65618
"Diagnostic Description";61512
Management;57894
Trends;57888
Size;55453
Description;49074
Associations;38677
"Taxon Biology";26861
Uses;24458
"Trophic Strategy";21563
"Population Biology";17767
Taxonomy;16301
Ecology;15060
Reproduction;14996
Notes;14440
Migration;13991
Cyclicity;11880
"Life Cycle";9759
"Life Expectancy";8875
Behavior;6391
Key;6118
Diseases;4325
Use;4283
Evolution;2158
"Risk Statement";2022
"Look Alikes";1897
Dispersal;1649
"Functional Adaptations";1438
Genetics;1000
Growth;785
Barcode;720
"Education Resources";646
Physiology;269
Cytology;129
